Canonical_Location,Variant_Count,All_Variants
"Euro Int School, Sector 37D, Gurugram",12,"Euro Int School, Sector 37D, Gurugram | Euro Int. School | Euro International School | Euro International School, Sec 84 | Euro International School, Sector 37D | Euro International School, Sector 84 | Euro International School, Sector- 109 | Euro International School, Sector- 109. | Euro International School, sector- 51 | Euro Intl School Sec-51 | Euro Intl School, Sector 37D, Gurugram | Euro Intl School, Sector- 109"
Sector 55-56 Metro,8,Sector 55-56 Metro | Sector 55-56 Metro Station | Sector 55-56 Metro station | Sector 55-56 Rapid Metro | Sector 55-56 Rapid Metro Station | Sector 55-56 metro | Sector 55-56 metro station | Sector 55-56 rapid metro station
Badshahpur Sohna Rd Hwy,7,"Badshahpur Sohna Rd Hwy | Badshahpur Sohna Rd Hwy, Haryana | Badshahpur Sohna Rd Hwy, Malibu Town | Badshahpur Sohna Rd Hwy, Raghav Vatika | Badshahpur Sohna Rd Hwy, Rajoria Ngr | Badshahpur Sohna Rd Hwy, Sector 68 | Badshahpur Sohna Rd Hwy,Sector 48"
Dwarka Expressway Link Road,7,"Dwarka Expressway Link Road | Dwarka Expy, Block D, New Palam Vihar | Dwarka Expy, Dhanwapur Village | Dwarka Expy, Sector 109 | Dwarka Expy, Sector 88 | Dwarka Expy/Northern Peripheral Rd | Dwarka expressway Basai crossing"
IMT Manesar,7,"IMT Manesar | Imt Manesar | Imt Manesar, Gurugram | NH-8 IMT Manesar | NH-8, IMT Manesar | NH-8, Imt Manesar | Numberdar market, IMT Manesar"
Holiday Inn,6,Holiday Inn | Holiday Inn Express Gurugram | Holiday Inn Gurugram | Holiday Inn Gurugram Sector 90 | Holiday Inn Hotel Sector 90 | Holiday Inn Sector 90
Miracles Apollo Cradle,6,Miracles Apollo Cradle | Miracles Apollo Cradle / Spectra | Miracles Apollo Cradle /Spectra Hospital | Miracles Apollo Cradle Hospital | Miracles Apollo Cradle Spectra Hospital | Miracles Apollo Cradle/Spectra Hospital
CANARA BANK,5,CANARA BANK | Canara Bank | Canara Bank - Nawada Fatehpur | Canara Bank ATM | Canara Bank New Palam Vihar
Delhi Public School,5,"Delhi Public School | Delhi Public School Gurugram Sector 67A | Delhi Public School Sector 84 | Delhi Public School, Sector 103 | Delhi Public School, Sector 84"
HUDA Metro Station,5,HUDA Metro Station | Huda Metro Station | Huda Metro Station (Gurugram) | Huda Metro station | Huda metro station
"HDFC Bank, Pataudi Rd",5,"HDFC Bank, Pataudi Rd | Pataudi Rd | Pataudi Rd, Sector 95B | Pataudi Road | Pataudi road"
Hyatt Regency,4,Hyatt Regency | Hyatt Regency Gurgaon | Hyatt Regency Gurugram | Hyatt Regency Hotel
"ICICI BANK ATM, Annapurna MKT",4,"ICICI BANK ATM, Annapurna MKT | ICICI Bank | ICICI Bank ATM | ICICI Bank ATM, Sector 86"
NH 248,4,NH 248 | NH 248 A | NH 248A | NH248A
Southern Peripheral Rd,4,"Southern Peripheral Rd | Southern Peripheral Rd, Dhani | Southern Peripheral Rd, Gurugram | Southern Peripheral Road"
NH 48,4,"NH 48 | NH 48 Gurugram | NH 48, Sector 78 | NH48"
Dwaraka Expressway,4,Dwaraka Expressway | Dwarka Expressway | Dwarka Expy | Dwarka expressway
Lemon Tree Hotel,4,"Lemon Tree Hotel | Lemon Tree Hotel Sector 60 | Lemon Tree Hotel, | Lemon Tree Hotel, Sohna Road"
Dwarka Sector 21 Metro Station,4,"Dwarka Sector 21 Metro Station | Dwarka Sector 21 Metro station | Dwarka Sector 21, Metro Station | Dwarka sector 21 metro station"
National Highway  48,4,National Highway  48 | National Highway 48 | National Highway 8 | National Highway-48
Paras Trinity,4,Paras Trinity | Paras Trinity Mall | Paras Trinity Mall Sector 63 | Paras Trinity Shopping Mall
Faridabad - Gurgaon Rd,4,Faridabad - Gurgaon Rd | Faridabad - Gurgaon Road | Faridabad Gurgaon Road | Gurgaon Road
Golf Corse Ext. Rd.,4,Golf Corse Ext. Rd. | Golf Course Ext Rd | Golf Course Ext Road | Golf Course Extn Road
Golf Course Extension,4,Golf Course Extension | Golf Course Extension Rd | Golf Course Extension Road | Golf course extension road
Rapid Metro Sector 55-56,4,Rapid Metro Sector 55-56 | Rapid Metro Sector 56 | Rapid Metro Station Sector 55 56 | Rapid Metro Station Sector 56
HDFC Bank,4,"HDFC Bank | HDFC Bank ATM | HDFC Bank ATM, Dhunela Ghamroj | HDFC bank ATM"
Vardaan Hospital,4,Vardaan Hospital | Vardaan Hospital & Trauma Centre | Vardaan Hospital and Trauma Centre | Vardaan hospital and trauma centre
IFFCO Chowk,4,IFFCO Chowk | IFFCO Chowk Metro Station | Iffco Chowk | Iffco Chowk Metro Station
Sector 42-43,4,Sector 42-43 | Sector 42-43 Metro Station | Sector 42-43 Metro station | Sector 42-43 Rapid Metro
Medanta - The Medicity,4,Medanta - The Medicity | Medanta -The Medicity | Medanta The Medicity | Medanta-The Medicity
YES Bank,4,YES Bank | YES Bank ATM | YES bank ATM | Yes Bank
Cricket Academy,3,Cricket Academy | Nischay Cricket Academy | Skylark Cricket Academy
PVR Drive In Theater,3,PVR Drive In Theater | PVR Drive In Theatre | PVR Drive in Theatre
Indira Gandhi Int. Airport,3,Indira Gandhi Int. Airport | Indira Gandhi International Airport | Indira Gandhi Intl Airport
Paras Hospital,3,"Paras Hospital | Paras Hospitals | Paras Hospitals, Gurgaon"
Park Inn,3,"Park Inn | Park Inn, Gurgaon | Park inn"
IRIS Broadway Mall,3,IRIS Broadway Mall | Iris Broadway Gurugram | Iris Broadway Mall
Sector 53-54,3,Sector 53-54 | Sector 53-54 Metro Station | Sector 53-54 Rapid Metro
Fun N Food Water Park,3,Fun N Food Water Park | Fun N Food WaterPark | Fun N Food Waterpark
G D Goenka University,3,G D Goenka University | GD Goenka University | Gd goenka university
K. R. Mangalam University,3,K. R. Mangalam University | K.R. Mangalam University | KR Mangalam University
Aarvy Healthcare,3,Aarvy Healthcare | Aarvy Healthcare Hospital | Aarvy Healthcare Super Speciality
Radisson Hotel,3,Radisson Hotel | Radisson Hotel Gurugram | Radisson Hotel Sohna Road
Sapphire 83,3,Sapphire 83 | Sapphire 83 Mall | Sapphire 83 Mall Sector 83
The Oberoi,3,"The Oberoi | The Oberoi Gurgaon | The Oberoi, Gurgaon"
Global City Centre,3,Global City Centre | Global City Centre Mall | Global city centre
Gurugram University,3,Gurugram University | Gurugram University Kankrola | Gurugram University Sector 87
Royal Institute Of Science,3,Royal Institute Of Science | Royal Institute Of Science & Management | Royal Institute Of Science and Mgt
Suncity School,3,"Suncity School | Suncity School Gurgaon | Suncity School, Sector 37D"
Ektaa Hospital,3,Ektaa Hospital | Ektaa Hospitals | Ektaa Hospitals  Main Sohna Rd
Vega School,3,Vega School | Vega Schools NH-8 | Vega Schools Sector 48
NH 8,3,"NH 8 | NH 8, Sector 15 Part 2 | NH8"
Newtown Square Mall,3,Newtown Square Mall | RELIANCE TRENDS Newtown Square Mall | Reliance Trends Newtown Square Mall
VATIKA BUSINESS PARK Sohna Rd,3,VATIKA BUSINESS PARK Sohna Rd | Vatika Business Park | Vatika Business Park Sector 49
Vatika Town Square,3,Vatika Town Square | Vatika Town Square-INXT | Vatika Town Square-INXT Mall
Manipal Hospital,3,"Manipal Hospital | Manipal Hospital, Gurugram | Manipal Hospital, Palam Vihar"
Delhi International Airport,2,Delhi International Airport | International Airport
DLF World Tech Park,2,DLF World Tech Park | World Tech Park
G D Goenka World School,2,G D Goenka World School | GD Goenka World School
Savoy Suites,2,"Savoy Suites | Savoy Suites, Manesar"
Amity University,2,Amity University | Amity University Gurugram
Sohna Rd,2,Sohna Rd | Sohna Road
Genesis Hospital,2,Genesis Hospital | Genesis Hospital Sector 84
DPS International School,2,DPS International School | RPS International School
Global Foyer Mall,2,"Global Foyer Mall | Global Foyer Mall,  Palam Vihar"
Sanjeevani Hospital,2,Sanjeevani Hospital | Sanjeevani Hospital - Child Specialist
Golden Greens Golf & Resorts,2,Golden Greens Golf & Resorts | Golden Greens Golf & Resorts Limited
Aman Hospital,2,Aman Hospital | Aman Hospital & Surgical Centre
Airia Mall,2,Airia Mall | Airia Mall Sector 68
Golf Course Rd,2,Golf Course Rd | Golf Course Road
Spaze Itech Park,2,"Spaze Itech Park | The Medicity, Spaze iTech Park"
DPS,2,DPS | DPS Sector 103
Sector 53 Metro Station,2,Sector 53 Metro Station | Sector 55 Metro Station
DPSG Palam Vihar,2,DPSG Palam Vihar | DPSG Palam Vihar Gurugram
Delhi Jaipur Highway,2,Delhi Jaipur Highway | NH-8 Delhi Jaipur Highway
Shopping complex,2,Shopping complex | Suncity Shopping Complex
DoubleTree by Hilton Hotel,2,DoubleTree by Hilton Hotel | DoubleTree by Hilton Hotel Gurgaon
Shiv Mandir,2,Shiv Mandir | shiv Mandir
Dwarka,2,Dwarka | Dwarka Sector 21
Signature Super Speciality Hospital,2,Signature Super Speciality Hospital | The Signature Super Speciality Hospital
ESIC HOSPITAL,2,ESIC HOSPITAL | ESIC Hospital
Delhi - Jaipur Expressway,2,Delhi - Jaipur Expressway | Delhi Jaipur Expressway
SGT UNIVERSITY,2,SGT UNIVERSITY | SGT University
Emerald Plaza,2,Emerald Plaza | Emerald Plaza Shopping Mall
Esplanade Mall,2,Esplanade Mall | The Esplanade Mall
Western Peripheral Expressway,2,"Western Peripheral Expressway | Western Peripheral Expy, Gurugram"
Silver Streak Multi Speciality,2,Silver Streak Multi Speciality | Silver Streak Multi Speciality Hospital
Sector 54 Chowk,2,Sector 54 Chowk | Sector 54 Chowk Metro Station
SkyJumper Trampoline Park,2,SkyJumper Trampoline Park | SkyJumper Trampoline Park Gurgaon
Damdama Lake,2,Damdama Lake | Damdama Lake Rd
Grand Hyatt,2,Grand Hyatt | Grand Hyatt Gurgaon
GEMS International School,2,GEMS International School | Gems International School
Gurgaon - Delhi Expy,2,"Gurgaon - Delhi Expy | Gurgaon - Delhi Expy, Sector 75A"
National Tennis Academy,2,National Tennis Academy | National Tennis Academy Sector 98
Omaxe City Centre,2,Omaxe City Centre | Omaxe City Centre Mall
KFG Sports Club,2,KFG Sports Club | KFG sports club Parking
KIIT College,2,KIIT College | KIIT College of Engineering
KMP Corridor,2,KMP Corridor | KMP corridor
KR Mangalam,2,KR Mangalam | KR Mangalam University Sohna
OMAXE Gurgaon Mall,2,OMAXE Gurgaon Mall | Omaxe Gurgaon Mall
Krishna Hospital,2,Krishna Hospital | Shree Krishna Hospital
Naurangpur Road,2,"Naurangpur Road | Rampura Flyover, Naurangpur Rd"
Narayana E Techno,2,Narayana E Techno | Narayana e Techno School
International Tech Park Gurgaon,2,"International Tech Park Gurgaon | International Tech Park Gurgaon,"
Nakhrola Stadium,2,Nakhrola Stadium | Nakhrola Stadium Sector 81A
Lotus Valley International School,2,"Lotus Valley International School | Lotus Valley Intl School, Gurgaon"
NH 352W,2,"NH 352W | NH 352W, Pataudi"
AIPL Business Club,2,AIPL Business Club | AIPL Business Club Sector 62
M3M Cosmopolitan,2,M3M Cosmopolitan | M3M Cosmopolitan Mall
iGrow Montessori,2,iGrow Montessori | iGrow Montessori Play School
Mehrauli-Gurgaon Rd,2,Mehrauli-Gurgaon Rd | Mehrauli-Gurgaon Road
MatriKiran High School,2,MatriKiran High School | Matrikiran High School
JMS Marine Square,2,JMS Marine Square | JMS Marine Square Mall
InfinityS Badminton Academy,2,InfinityS Badminton Academy | Infinitys Badminton Academy
Gurgaon Railway Station,2,Gurgaon Railway Station | Gurgaon railway station
Aarvy Hospital,2,Aarvy Hospital | Arvy Hospital
Rion's Hospital,2,Rion's Hospital | Rions Hospital
Gurugram Rd,2,Gurugram Rd | Gurugram Road
HUB 66,2,HUB 66 | Hub 66
HUDA Market,2,"HUDA Market | HUDA Market, Sector 14"
Rajiv Chowk,2,Rajiv Chowk | Rajiv Chowk - Sohna Highway
Country Inn & Suites By Radisson,2,Country Inn & Suites By Radisson | Country Inn & Suites by Radisson
Heritage Badminton Academy,2,Heritage Badminton Academy | Heritage badminton academy
Heritage School,2,Heritage School | Imperial Heritage School
Holiday Inn Express Gurugram Sec 50,2,Holiday Inn Express Gurugram Sec 50 | Holiday Inn Express Gurugram Sector 50
Infinity Business Park,2,Infinity Business Park | infinity Business Park
Huda City Centre,2,Huda City Centre | Huda City Centre Metro Station
Propose Metro Station,2,Propose Metro Station | Proposed Metro Station
Prime Scholars Int. School,2,Prime Scholars Int. School | Prime Scholars International School
IGI Airport,2,IGI Airport | IGIA Airport
Pranavananda Int. School,2,Pranavananda Int. School | Pranavananda International School
Park Hospital,2,"Park Hospital | Park Hospital, Palam Vihar"
Palam Vihar Halt,2,Palam Vihar Halt | Palam Vihar Halt Railway Station
IndusInd Bank,2,IndusInd Bank | IndusInd Bank ATM
Health Care Pharmacy,2,Health Care Pharmacy | Health care pharmacy
iON Digital Zone (Gurugram),2,"iON Digital Zone (Gurugram) | iON Digital Zone, Gurgaon"
Ascendas OneHub Gurgaon,2,Ascendas OneHub Gurgaon | Ascendas OneHub Gurgaon Business Park
City Square,2,City Square | Eros City Square
Arc Multi Speciality,2,Arc Multi Speciality | Arc Multi Speciality Hospital
Artemis Hospital,2,Artemis Hospital | Artemis Hospital Gurgaon
"Candor TechSpace, Sector 48",2,"Candor TechSpace, Sector 48 | Candor Techspace"
Cambridge Montessori,2,Cambridge Montessori | Cambridge Montessori Preschool
Swastik Hospital,2,Swastik Hospital | Swastik Hospital Sec 66
CK Birla Hospital,2,"CK Birla Hospital | CK Birla Hospital, Gurgaon"
Axis Bank,2,Axis Bank | Axis Bank ATM
BM College of Technology,2,BM College of Technology | BM College of Technology & Mgmt
TERI Golf Course,2,TERI Golf Course | Teri Golf Course
Ambience Mall,2,Ambience Mall | Ambience Mall New
Taj City Centre Gurugram,2,Taj City Centre Gurugram | Taj City Centre Hotel
Tau Devi Lal Sports Complex,2,Tau Devi Lal Sports Complex | Tau DeviLal Sports Complex
Badshahpur Sohna Hwy,2,Badshahpur Sohna Hwy | Badshapur Sohna Highway
Bank Of Baroda,2,Bank Of Baroda | Bank Of Baroda ATM
Basai Dhankot,2,Basai Dhankot | Basai Dhankot Railway Station
Vatika City Centre,2,Vatika City Centre | Vatika City Centre Mall
The Millenium School,2,The Millenium School | The Millennium School
St Xavier High School,2,St Xavier High School | St. Xavier's High School
Conscient One,2,Conscient One | Conscient One Mall
Yashroop Hospital,1,Yashroop Hospital
"Park Dr, DLF Phase 5",1,"Park Dr, DLF Phase 5"
The Westin Gurgaon,1,The Westin Gurgaon
The Vivekananda School,1,The Vivekananda School
Vipul Trade Business Centre,1,Vipul Trade Business Centre
"Pasco Automobiles, Alipur, Sohna",1,"Pasco Automobiles, Alipur, Sohna"
"Pathfinder Global School, Pataudi",1,"Pathfinder Global School, Pataudi"
Vedic Hospital,1,Vedic Hospital
Pathways School Gurgaon,1,Pathways School Gurgaon
Medhaam Pre School & Daycare,1,Medhaam Pre School & Daycare
Patil Station,1,Patil Station
Patli Railway Station,1,Patli Railway Station
Pawlywoof - Dog Park,1,Pawlywoof - Dog Park
Peer Baba Ki Mazar,1,Peer Baba Ki Mazar
The Sylvan Trails School,1,The Sylvan Trails School
Pathways,1,Pathways
The Westin Hotel,1,The Westin Hotel
Plaza Mall,1,Plaza Mall
"Metro Hospital, Palam Vihar",1,"Metro Hospital, Palam Vihar"
Metro Station Kankrola sec 87,1,Metro Station Kankrola sec 87
Vibrant Hospital,1,Vibrant Hospital
PNB ATM,1,PNB ATM
PVR Drive In Cinema,1,PVR Drive In Cinema
"Tulip Violet Society, Sector 69",1,"Tulip Violet Society, Sector 69"
Trident Hotel Gurgaon,1,Trident Hotel Gurgaon
Pacific D21 Mall,1,Pacific D21 Mall
Tigra Market,1,Tigra Market
Triangular Park,1,Triangular Park
Vidya Niketan Sr Sec School,1,Vidya Niketan Sr Sec School
Tomar Hospital,1,Tomar Hospital
Meditree Market,1,Meditree Market
"Pallavan PreSchool, Sohna Road",1,"Pallavan PreSchool, Sohna Road"
Medicity,1,Medicity
Phase 2 Metro Station,1,Phase 2 Metro Station
Polaris Hospital,1,Polaris Hospital
Uma Sanjeevani Health Centre,1,Uma Sanjeevani Health Centre
Radha Krishan Mandir,1,Radha Krishan Mandir
Qutub Plaza,1,Qutub Plaza
RBSM Public school,1,RBSM Public school
RHM Public School,1,RHM Public School
"The Phoenix Project, Sohna - Gurgaon Rd",1,"The Phoenix Project, Sohna - Gurgaon Rd"
Medanta Hospital,1,Medanta Hospital
RPS International School Sector 89,1,RPS International School Sector 89
The Paras World School,1,The Paras World School
Pragyanam School,1,Pragyanam School
Radisson Hotel Gurugram Sohna Road,1,Radisson Hotel Gurugram Sohna Road
Medanta Dialysis Center,1,Medanta Dialysis Center
Raghunath Bal Vidya Mandir School,1,Raghunath Bal Vidya Mandir School
The NorthCap University,1,The NorthCap University
The Nook,1,The Nook
Raheja Mall,1,Raheja Mall
The Shikshiyan School,1,The Shikshiyan School
Quality Inn Gurgaon,1,Quality Inn Gurgaon
Pushpanjali Hospital,1,Pushpanjali Hospital
Punjab National Bank,1,Punjab National Bank
Public Bazar,1,Public Bazar
The Shri Ram School Aravali,1,The Shri Ram School Aravali
Proposed Metro corridor,1,Proposed Metro corridor
The Shriram Millennium School,1,The Shriram Millennium School
The Signature Advanced Super Speciality,1,The Signature Advanced Super Speciality
The Sixth Element School,1,The Sixth Element School
Yaduvanshi Shiksha Niketan,1,Yaduvanshi Shiksha Niketan
Primamed Super Speciality Hospital,1,Primamed Super Speciality Hospital
Vistar Complex,1,Vistar Complex
Presidium School Gurgoan,1,Presidium School Gurgoan
"Medeor Hospital, Manesar",1,"Medeor Hospital, Manesar"
Yashlok Medical Centre,1,Yashlok Medical Centre
Prakash Hospital,1,Prakash Hospital
PHC Garhi Harsaru,1,PHC Garhi Harsaru
Oyster's Water Park,1,Oyster's Water Park
Miracles Apollo Hospital,1,Miracles Apollo Hospital
Najafgarh Kapashera Road,1,Najafgarh Kapashera Road
Zooper India Trampoline Park,1,Zooper India Trampoline Park
Vishwas Hospital,1,Vishwas Hospital
NH-48,1,NH-48
NH-8,1,NH-8
Najafgarh Jheel Bird Sanctuary,1,Najafgarh Jheel Bird Sanctuary
ZEN Golf Range & Academy,1,ZEN Golf Range & Academy
Vallores Pre School,1,Vallores Pre School
V Club,1,V Club
VIBGYOR High School,1,VIBGYOR High School
Narayana Junior College,1,Narayana Junior College
Narayana e-Techno School - Manesar,1,Narayana e-Techno School - Manesar
Yonex Badminton Stadium,1,Yonex Badminton Stadium
V-Square Sohna New Residential,1,V-Square Sohna New Residential
Naurangpur Cricket Stadium,1,Naurangpur Cricket Stadium
Vasant Kunj,1,Vasant Kunj
Vatika Business Centre,1,Vatika Business Centre
NH 148A,1,NH 148A
Vatika Sector Road,1,Vatika Sector Road
NH 08,1,NH 08
NH -8,1,NH -8
N.H-8,1,N.H-8
Museum of Folk and Tribal Art,1,Museum of Folk and Tribal Art
Muincipal Corporation of Gurugram,1,Muincipal Corporation of Gurugram
Mps World School,1,Mps World School
"Mount Olympus School, Sec 79",1,"Mount Olympus School, Sec 79"
Mount Olympus Junior School,1,Mount Olympus Junior School
Moulsari Avenue,1,Moulsari Avenue
Mother land public school,1,Mother land public school
"More Hypermart , Vipul business park",1,"More Hypermart , Vipul business park"
Moksh Wellness Pvt Ltd.,1,Moksh Wellness Pvt Ltd.
Minda Industries Nawada Fatehpur,1,Minda Industries Nawada Fatehpur
V'Lante Mall,1,V'Lante Mall
Nawada Cricket Accadmy,1,Nawada Cricket Accadmy
Oriental Bank of Commerce,1,Oriental Bank of Commerce
Raheja Market,1,Raheja Market
Minda Industries  Corporate Office,1,Minda Industries  Corporate Office
Umkal Hospital,1,Umkal Hospital
Old Delhi Gurgaon Road,1,Old Delhi Gurgaon Road
Old Sohna Dhani Road,1,Old Sohna Dhani Road
Omaxe Celebration Mall,1,Omaxe Celebration Mall
Umang Bhawaj Chawk,1,Umang Bhawaj Chawk
Metro World Mall,1,Metro World Mall
Nazafgarh - Gurgaon Road,1,Nazafgarh - Gurgaon Road
Omex City Centre Mall,1,Omex City Centre Mall
Ompee International School,1,Ompee International School
One Horizon Center Bus Stop,1,One Horizon Center Bus Stop
Open Tap,1,Open Tap
Open gym garden,1,Open gym garden
Orchid Business Park,1,Orchid Business Park
Old Bengali Market,1,Old Bengali Market
Ocus Medley Mall,1,Ocus Medley Mall
Unicosmos School,1,Unicosmos School
ORCHIDS The International School,1,ORCHIDS The International School
Unitech Business Zone,1,Unitech Business Zone
Minda Industries Limited,1,Minda Industries Limited
Nouveau Medics Multispeciality OPD,1,Nouveau Medics Multispeciality OPD
Northern Peripheral Road,1,Northern Peripheral Road
Nora Solomon Medicenter,1,Nora Solomon Medicenter
Nirvana Rd,1,Nirvana Rd
Ninex Mall,1,Ninex Mall
Urusvati Museum Of Folklore,1,Urusvati Museum Of Folklore
New Water Pond,1,New Water Pond
Netaji Subhash Marg,1,Netaji Subhash Marg
NeoSquare Shopping Mall,1,NeoSquare Shopping Mall
Nehru Stadium,1,Nehru Stadium
Neemrana Palace,1,Neemrana Palace
Spectra Hospital,1,Spectra Hospital
The Hive Shopping Mall,1,The Hive Shopping Mall
Rajesh Pilot Road,1,Rajesh Pilot Road
Shishu Kalyan School,1,Shishu Kalyan School
Vivek Model School,1,Vivek Model School
Suncity Market,1,Suncity Market
"Vivanta New Delhi, Dwarka",1,"Vivanta New Delhi, Dwarka"
Shiskshantar,1,Shiskshantar
Sun's Spa,1,Sun's Spa
Shiv Nadar School,1,Shiv Nadar School
Shiva Temple Tigra,1,Shiva Temple Tigra
Shivai Hospital,1,Shivai Hospital
Summer Fields School,1,Summer Fields School
Shivani public school,1,Shivani public school
Shoppers Stop,1,Shoppers Stop
Sultanpur National Park,1,Sultanpur National Park
Shree Balaji College,1,Shree Balaji College
Shree Deep Petrol Pump,1,Shree Deep Petrol Pump
Shri Balaji’s Multispeciality Hospital,1,Shri Balaji’s Multispeciality Hospital
W Pratiksha Hospital,1,W Pratiksha Hospital
Shikshantar - Primary School,1,Shikshantar - Primary School
Ram Krishna Public School,1,Ram Krishna Public School
Sunrise University,1,Sunrise University
Sector 84 Road,1,Sector 84 Road
Sector 86 Road,1,Sector 86 Road
WTC Plaza,1,WTC Plaza
Sector-21 Metro Dwarka,1,Sector-21 Metro Dwarka
Surajgarh Gurgaon,1,Surajgarh Gurgaon
Sethi Hospital,1,Sethi Hospital
Shaheed Bhagat Singh Chowk,1,Shaheed Bhagat Singh Chowk
Shalom Hills International School,1,Shalom Hills International School
Shalom Presidency School,1,Shalom Presidency School
"Suraj PG Degree College, Sec -75",1,"Suraj PG Degree College, Sec -75"
Shambhu Dayal High School,1,Shambhu Dayal High School
Shanti Tennis Academy,1,Shanti Tennis Academy
Sunset point,1,Sunset point
Sheetla Mata Mandir,1,Sheetla Mata Mandir
Shiksha Bharti Public School,1,Shiksha Bharti Public School
Shri Hanuman Ji Mandir,1,Shri Hanuman Ji Mandir
Signature Advanced Hospital,1,Signature Advanced Hospital
Signature Global Infinity Mall Sohna,1,Signature Global Infinity Mall Sohna
Signature Global Park,1,Signature Global Park
Society Park,1,Society Park
"Sodhi's Supermarket, Sector 82",1,"Sodhi's Supermarket, Sector 82"
Sohna Bus Stand,1,Sohna Bus Stand
Sohna Gurgaon Road,1,Sohna Gurgaon Road
Sohna Hill Viewpoint,1,Sohna Hill Viewpoint
St Pauls School,1,St Pauls School
Sri Ma Montessori International,1,Sri Ma Montessori International
Sohna road dhunela,1,Sohna road dhunela
Solitaire Banquet Hall,1,Solitaire Banquet Hall
South point Mall,1,South point Mall
Southern Periphery Road,1,Southern Periphery Road
Spaze Business Park,1,Spaze Business Park
SportsCube Center(Sports Complex),1,SportsCube Center(Sports Complex)
"Spaze Palazo, Golf Course Ext Rd",1,"Spaze Palazo, Golf Course Ext Rd"
Splendor Trade Tower,1,Splendor Trade Tower
St. Angel's Global,1,St. Angel's Global
Sneh Hospital,1,Sneh Hospital
Smart View Hotel and Resort,1,Smart View Hotel and Resort
Signature tower,1,Signature tower
Vivanta Dwarka New Delhi,1,Vivanta Dwarka New Delhi
Subway,1,Subway
Stymerra Chowk,1,Stymerra Chowk
Signature Hospital,1,Signature Hospital
State Bank of India,1,State Bank of India
Starbucks,1,Starbucks
Signum 107,1,Signum 107
St. Xavier's School,1,St. Xavier's School
Signum 36,1,Signum 36
Silver Streak Hospital,1,Silver Streak Hospital
Star Nursery,1,Star Nursery
"Singhania University, Manesar",1,"Singhania University, Manesar"
Star Mall,1,Star Mall
Skyview Corporate Park,1,Skyview Corporate Park
Sector 55/56 Metro Station,1,Sector 55/56 Metro Station
"Surajgarh Gurgaon, Golf Course Ext Rd",1,"Surajgarh Gurgaon, Golf Course Ext Rd"
Sushant University,1,Sushant University
"SS Omnia, Sector 86",1,"SS Omnia, Sector 86"
Rx Pharmacy,1,Rx Pharmacy
S N International School,1,S N International School
The Big Tree Cafe,1,The Big Tree Cafe
SCC Drive-In Cinema,1,SCC Drive-In Cinema
SCC Rooftop Drive-In,1,SCC Rooftop Drive-In
SCJ Academy,1,SCJ Academy
SCR Model School,1,SCR Model School
The Banyan Tree World School,1,The Banyan Tree World School
SGT Hospital 1,1,SGT Hospital 1
SGT Medical College,1,SGT Medical College
SGT UHTC Basai,1,SGT UHTC Basai
The Banyan Tree Hiking Area,1,The Banyan Tree Hiking Area
SPM Hospital,1,SPM Hospital
SRS Cinemas,1,SRS Cinemas
Tennis Vidyalaya (Tennis Academy),1,Tennis Vidyalaya (Tennis Academy)
"The Club, International City",1,"The Club, International City"
Rotary Public School,1,Rotary Public School
The Executive Centre,1,The Executive Centre
"WorldMark Gurgaon, Maidawas Rd",1,"WorldMark Gurgaon, Maidawas Rd"
Ramada by Wyndham Gurgaon,1,Ramada by Wyndham Gurgaon
Xavier’s International,1,Xavier’s International
The Holy Kingdom Public School,1,The Holy Kingdom Public School
Spazedge IT Park,1,Spazedge IT Park
Ramgarh Farms & Resort,1,Ramgarh Farms & Resort
Ramprastha Police Post,1,Ramprastha Police Post
WorldMark Gurgaon,1,WorldMark Gurgaon
Red Roses Public School,1,Red Roses Public School
Rao Bharat Singh International School,1,Rao Bharat Singh International School
Women Police Station,1,Women Police Station
Rathore IMT Hospital,1,Rathore IMT Hospital
The Hive,1,The Hive
The Heritage Pride Modern School,1,The Heritage Pride Modern School
Reach 3 Roads Shopping Mall,1,Reach 3 Roads Shopping Mall
SS Omnia Mall,1,SS Omnia Mall
Sahara Mall,1,Sahara Mall
Sector 53/54 Metro Station,1,Sector 53/54 Metro Station
Sai Sports Club cricket ground,1,Sai Sports Club cricket ground
Scottish High International School,1,Scottish High International School
Scottish International School,1,Scottish International School
Sealdah,1,Sealdah
Swastik Multispeciality Hospital,1,Swastik Multispeciality Hospital
Sealdah Railway Station,1,Sealdah Railway Station
Sector 10 Market,1,Sector 10 Market
Sector 102 Dhankot,1,Sector 102 Dhankot
Sector 29 Gurgaon Pubs and Bars,1,Sector 29 Gurgaon Pubs and Bars
Sector 37 Police Station,1,Sector 37 Police Station
McDonald's India 24 Hours,1,McDonald's India 24 Hours
Sector 42-43 Rapid Metro Station,1,Sector 42-43 Rapid Metro Station
Sector 42/43 Bus Stand,1,Sector 42/43 Bus Stand
Sector 45 SO Post Office,1,Sector 45 SO Post Office
Sushil Park,1,Sushil Park
Westin,1,Westin
Satyam Medicare Hospital,1,Satyam Medicare Hospital
Satya The Hive Mall,1,Satya The Hive Mall
Syndicate Bank,1,Syndicate Bank
Taj,1,Taj
Taxila cricket ground,1,Taxila cricket ground
Windsor International School,1,Windsor International School
Saint Paul's School,1,Saint Paul's School
Taj Hotel & Family Restaurant,1,Taj Hotel & Family Restaurant
Samrat Mihir Bhoj Road,1,Samrat Mihir Bhoj Road
Sanar International Hospital,1,Sanar International Hospital
Tagore Public School,1,Tagore Public School
Saraswati Model School,1,Saraswati Model School
Sanjivani Hospital,1,Sanjivani Hospital
Sanskar Bharti Public School,1,Sanskar Bharti Public School
Sanskar Jyoti School,1,Sanskar Jyoti School
Sant Soordas Sihi Metro Station,1,Sant Soordas Sihi Metro Station
Sapphire 93 Mall,1,Sapphire 93 Mall
Sapphire Mall,1,Sapphire Mall
Vipul Trade Centre,1,Vipul Trade Centre
AIIMS,1,AIIMS
McDonald's India,1,McDonald's India
DLF Golf and Country Club,1,DLF Golf and Country Club
Country Inn,1,Country Inn
Country Inn and Suites by Radisson,1,Country Inn and Suites by Radisson
Creative Tennis Academy,1,Creative Tennis Academy
Cyber ​​Park,1,Cyber ​​Park
DLC Cricket Ground,1,DLC Cricket Ground
DLF Corporate Greens,1,DLF Corporate Greens
DLF Corporate Park,1,DLF Corporate Park
DLF Cyber City,1,DLF Cyber City
DLF Grand Mall,1,DLF Grand Mall
Colonel's Central Academy,1,Colonel's Central Academy
DLF Linear Park,1,DLF Linear Park
DLF Site central office,1,DLF Site central office
DLF5 Summit Plaza,1,DLF5 Summit Plaza
DPG Degree College,1,DPG Degree College
DPG Institute of Technology,1,DPG Institute of Technology
DPGITM Engineering College Sector 34,1,DPGITM Engineering College Sector 34
DPS International Edge,1,DPS International Edge
DPS Manesar,1,DPS Manesar
Cool Deck Coffee,1,Cool Deck Coffee
CoNexus.Life B35,1,CoNexus.Life B35
Damdama More,1,Damdama More
Central Plaza Mall,1,Central Plaza Mall
Capital Cyberscape,1,Capital Cyberscape
Captain Chandan Lal Marg,1,Captain Chandan Lal Marg
Central Bank Of India Sohna Rd,1,Central Bank Of India Sohna Rd
Central Park Flower Valley,1,Central Park Flower Valley
Central Park II Road,1,Central Park II Road
Central Park Resorts,1,Central Park Resorts
"Central Park, Sohna Rd",1,"Central Park, Sohna Rd"
Central Peripheral Road,1,Central Peripheral Road
Centrum Plaza,1,Centrum Plaza
Cloudnine Hospital Sector 47,1,Cloudnine Hospital Sector 47
Chauma Road,1,Chauma Road
Cherub's Cradle,1,Cherub's Cradle
Children Park,1,Children Park
Chirag Hospital,1,Chirag Hospital
Choice pharmacy,1,Choice pharmacy
Citibank ATM,1,Citibank ATM
City Hospital,1,City Hospital
Civil Hospital,1,Civil Hospital
DSD College,1,DSD College
Daultabad Stadium,1,Daultabad Stadium
Cambridge Pre-School,1,Cambridge Pre-School
Ernst & Young,1,Ernst & Young
EPF Regional Office,1,EPF Regional Office
ESIC Dispensary,1,ESIC Dispensary
Early Basket Grocery shop,1,Early Basket Grocery shop
Edge towers tennis court,1,Edge towers tennis court
Elan Miracle Mall,1,Elan Miracle Mall
Emaar Business Park,1,Emaar Business Park
Enkays Hospital,1,Enkays Hospital
Entertainland Mall,1,Entertainland Mall
Eros Corporate Park,1,Eros Corporate Park
Dronacharya College of Engineering,1,Dronacharya College of Engineering
Essar Petrol Pump,1,Essar Petrol Pump
EuroKids Preschool Suncity,1,EuroKids Preschool Suncity
Excellere World School,1,Excellere World School
Eye Doctors at Krishna Netralaya,1,Eye Doctors at Krishna Netralaya
F9 Go Karting Gurgaon,1,F9 Go Karting Gurgaon
FUEL NATION,1,FUEL NATION
Faridabad,1,Faridabad
Farrukh Nagar Railway Station,1,Farrukh Nagar Railway Station
Duke Horse Riding Club,1,Duke Horse Riding Club
Drona Sports Village,1,Drona Sports Village
Daultabad Village Park,1,Daultabad Village Park
Dhanwapur Road,1,Dhanwapur Road
De Adventure Amusement Park,1,De Adventure Amusement Park
De Adventure Park,1,De Adventure Park
Deerika HyperMart,1,Deerika HyperMart
Delh-Ajmer Expy,1,Delh-Ajmer Expy
Delhi,1,Delhi
Delhi Ajmer Expressway,1,Delhi Ajmer Expressway
Delhi Gurgaon Expressway,1,Delhi Gurgaon Expressway
Delhi-Mumbai Expressway,1,Delhi-Mumbai Expressway
Dharampeth Main Road,1,Dharampeth Main Road
Dreamz Cafe,1,Dreamz Cafe
Dharampur Main Road,1,Dharampur Main Road
Diamond Public School,1,Diamond Public School
Discount Department Store,1,Discount Department Store
Dishoom Cinemas,1,Dishoom Cinemas
Domino's Pizza,1,Domino's Pizza
Double Infinity market,1,Double Infinity market
Double Tree by Hilton,1,Double Tree by Hilton
Dr Naveen Chawla General Physician,1,Dr Naveen Chawla General Physician
Capital Business Park,1,Capital Business Park
Cambridge College Of Education,1,Cambridge College Of Education
"Max, Fortis",1,"Max, Fortis"
Apex Plus Hospital,1,Apex Plus Hospital
Amity,1,Amity
Amma Hospital,1,Amma Hospital
Anand Multispeciality Hospital,1,Anand Multispeciality Hospital
Anand Preschool,1,Anand Preschool
Ananta Hospital,1,Ananta Hospital
Ansal Plaza,1,Ansal Plaza
Anya Gurgaon,1,Anya Gurgaon
Ap Sports cricket ground,1,Ap Sports cricket ground
Apollo,1,Apollo
Ambience Public School,1,Ambience Public School
Apollo Pharmacy,1,Apollo Pharmacy
Approved Sector 37 Mero Station,1,Approved Sector 37 Mero Station
Appu Ghar,1,Appu Ghar
Appu Ghar Water Park,1,Appu Ghar Water Park
Aradhya Cricket Club Gurgaon,1,Aradhya Cricket Club Gurgaon
Aravali Adventure Hill,1,Aravali Adventure Hill
Aravalli Hill View Point,1,Aravalli Hill View Point
Aravalli Hills,1,Aravalli Hills
American Express,1,American Express
Altrade Business Centre,1,Altrade Business Centre
Ardee Mall,1,Ardee Mall
Aatish Hospital,1,Aatish Hospital
AIPL Business Centre,1,AIPL Business Centre
AIPL Business Co Working Space,1,AIPL Business Co Working Space
AIPL Business Tower,1,AIPL Business Tower
AIPL Joy Street Mall,1,AIPL Joy Street Mall
APJ Abdul Kalam Park,1,APJ Abdul Kalam Park
ASF Insignia SEZ,1,ASF Insignia SEZ
Aapno Ghar,1,Aapno Ghar
AapnoGhar,1,AapnoGhar
Accenture DDC5,1,Accenture DDC5
Alpine School,1,Alpine School
Adarsh Senior Secondary School,1,Adarsh Senior Secondary School
"Adarsh public school,Garhi Harsaru",1,"Adarsh public school,Garhi Harsaru"
Agri Business Management Collage,1,Agri Business Management Collage
Airport,1,Airport
Ajit Stadium Dhanwapur,1,Ajit Stadium Dhanwapur
Alfaa Health Care Hospital,1,Alfaa Health Care Hospital
Alpine Convent School,1,Alpine Convent School
Alpine Hospital,1,Alpine Hospital
Arc Hospital,1,Arc Hospital
Artemis,1,Artemis
CNG Petrol Pump,1,CNG Petrol Pump
Bharat Singh fuel company,1,Bharat Singh fuel company
Best IVF Centre,1,Best IVF Centre
Bestech Business Tower,1,Bestech Business Tower
Bestech Central Square Mall,1,Bestech Central Square Mall
Bharat Petrol Pump,1,Bharat Petrol Pump
Bharat Petroleum Petrol Pump,1,Bharat Petroleum Petrol Pump
Bharat Petroleum Retail Outlet,1,Bharat Petroleum Retail Outlet
Bharat Petroleum Shree Shyam Filling,1,Bharat Petroleum Shree Shyam Filling
Bharat Ram Global School,1,Bharat Ram Global School
Bharti International Convent School,1,Bharti International Convent School
Basai Road,1,Basai Road
Bhondsi Nature Park,1,Bhondsi Nature Park
BigBazaar,1,BigBazaar
Bijwasan Railway Station,1,Bijwasan Railway Station
Biryani Shah,1,Biryani Shah
Blue Bells Public School,1,Blue Bells Public School
Broadways International School,1,Broadways International School
CBR Cricket Ground,1,CBR Cricket Ground
CD International School,1,CD International School
Basant Valley Global School,1,Basant Valley Global School
Basai Metro Station,1,Basai Metro Station
Artimis hospital,1,Artimis hospital
BSF Golf Course,1,BSF Golf Course
Aryan Hospital,1,Aryan Hospital
Ashiana Anmol  Kid Centric Homes,1,Ashiana Anmol  Kid Centric Homes
Ashoka International School,1,Ashoka International School
Athena,1,Athena
Au Grand Air,1,Au Grand Air
"Axis Bank, Sohna Rd",1,"Axis Bank, Sohna Rd"
BML Munjal University (BMU),1,BML Munjal University (BMU)
BOB ATM,1,BOB ATM
Baba Kanala Chowk,1,Baba Kanala Chowk
Basai Enclave Park,1,Basai Enclave Park
Badsa AMS Hospital,1,Badsa AMS Hospital
Baghera University,1,Baghera University
Bajghera Road,1,Bajghera Road
Bal Bharati Public School,1,Bal Bharati Public School
Balaji Hospital,1,Balaji Hospital
Bamroli Cricket Ground,1,Bamroli Cricket Ground
Banjara Market Gurugram,1,Banjara Market Gurugram
Basai Dhancourt Railway Station,1,Basai Dhancourt Railway Station
Federal Bank Sector 71,1,Federal Bank Sector 71
First Step Play School,1,First Step Play School
"Fitso Sector 48 Spuddy, Badminton",1,"Fitso Sector 48 Spuddy, Badminton"
Karma Lakelands,1,Karma Lakelands
K.R.Mangalam World School,1,K.R.Mangalam World School
"KDM Public School, Sohna",1,"KDM Public School, Sohna"
KIIT College of Engineering Sohna Road,1,KIIT College of Engineering Sohna Road
KLAY Play School,1,KLAY Play School
KMP Expressway,1,KMP Expressway
Kadipur Industrial Area,1,Kadipur Industrial Area
Kamal Hospital,1,Kamal Hospital
Kangaroo Kids Preschool,1,Kangaroo Kids Preschool
Keshav Pharmacy,1,Keshav Pharmacy
Jungle Safari & Trails,1,Jungle Safari & Trails
Khatu Shyam Mandir,1,Khatu Shyam Mandir
Kheri Railway station,1,Kheri Railway station
Kidzee,1,Kidzee
Kidzee Sec-93,1,Kidzee Sec-93
Kinder Care Playschool,1,Kinder Care Playschool
Kingdom of Dreams,1,Kingdom of Dreams
Kings International School,1,Kings International School
Knowledge Tree World School,1,Knowledge Tree World School
K.D. Hospital,1,K.D. Hospital
Jinga Lala Theme Park Gurgaon Delhi,1,Jinga Lala Theme Park Gurgaon Delhi
Kriti Hospital,1,Kriti Hospital
Insfire Sports,1,Insfire Sports
Indian School of Hospitality,1,Indian School of Hospitality
"IndianOil, Hasanpur",1,"IndianOil, Hasanpur"
"Indianoil, Sohna - Gurgaon Rd",1,"Indianoil, Sohna - Gurgaon Rd"
Indira Gandhi Airport,1,Indira Gandhi Airport
Indira Gandhi Eye Hospital,1,Indira Gandhi Eye Hospital
Indus World School,1,Indus World School
Indus valley Public School,1,Indus valley Public School
Info Technology Park Phase 2,1,Info Technology Park Phase 2
JMD Megapolis,1,JMD Megapolis
Jinaglala Theme Park,1,Jinaglala Theme Park
JMD Regent Mall,1,JMD Regent Mall
JMS Crosswalk,1,JMS Crosswalk
Jadon Pharmacy,1,Jadon Pharmacy
Jagdish Super Market,1,Jagdish Super Market
Jai Sai Ram Hospital,1,Jai Sai Ram Hospital
Jhankar Group of Institutions,1,Jhankar Group of Institutions
Jhankar Senior Secondary School,1,Jhankar Senior Secondary School
Jharsha Chowk,1,Jharsha Chowk
"Kotak Mahindra Bank, MBS Tower",1,"Kotak Mahindra Bank, MBS Tower"
Kundli Manesar Palwal Expressway,1,Kundli Manesar Palwal Expressway
Fly India Adventure Resort,1,Fly India Adventure Resort
Manesar Golf Course,1,Manesar Golf Course
MGF Megacity Mall,1,MGF Megacity Mall
MGF Metropolitan Mall,1,MGF Metropolitan Mall
MKD Hospital,1,MKD Hospital
Maharana pratap school,1,Maharana pratap school
Mall Fifty One,1,Mall Fifty One
Mamta Hospital,1,Mamta Hospital
Manav Rachna School,1,Manav Rachna School
Manesar Bus Stand,1,Manesar Bus Stand
Manesar Road,1,Manesar Road
MG Road,1,MG Road
Manesar toll plaza - Kherki Daula,1,Manesar toll plaza - Kherki Daula
Manish Gallexie 91,1,Manish Gallexie 91
Marengo Asia Hospitals,1,Marengo Asia Hospitals
Marigold Secondary School,1,Marigold Secondary School
Marriott Courtyard,1,Marriott Courtyard
Matrikiran School,1,Matrikiran School
Mavens Inn,1,Mavens Inn
Mavens Orange - Hotel,1,Mavens Orange - Hotel
MG Road Metro Station,1,MG Road Metro Station
MDS Public School,1,MDS Public School
Kunskapsskolan International,1,Kunskapsskolan International
Lions Public School,1,Lions Public School
AIIMS Jhajjar,1,AIIMS Jhajjar
Kutumbh Hospital,1,Kutumbh Hospital
Lancers International School,1,Lancers International School
Le Meridien Gurgaon,1,Le Meridien Gurgaon
Learning Stars School,1,Learning Stars School
Leisure Valley Park,1,Leisure Valley Park
Leopard hills,1,Leopard hills
Lingaya's Lalita Devi Institute,1,Lingaya's Lalita Devi Institute
Little E Step –Pre School,1,Little E Step –Pre School
MCC Cricket Ground Dhankot,1,MCC Cricket Ground Dhankot
Lotus Sports Academy,1,Lotus Sports Academy
Lotus Valley School,1,Lotus Valley School
Lovely Public School,1,Lovely Public School
Luxus Haritma Resort,1,Luxus Haritma Resort
M3M IFC,1,M3M IFC
M3M International Financial Center (IFC),1,M3M International Financial Center (IFC)
M3M SCO Shop cum Office,1,M3M SCO Shop cum Office
M3m 65th Avenue Mall,1,M3m 65th Avenue Mall
Imperio School,1,Imperio School
Imperia Mindspace,1,Imperia Mindspace
Imperfecto Patio,1,Imperfecto Patio
Green garden narsari,1,Green garden narsari
Glorious World School,1,Glorious World School
Golden Tulip Suites Gurgaon,1,Golden Tulip Suites Gurgaon
Golf Pavilion,1,Golf Pavilion
Govind Hospital,1,Govind Hospital
Govt. Model Sanskriti Primary School,1,Govt. Model Sanskriti Primary School
Govt. PG College,1,Govt. PG College
Green Field Public School,1,Green Field Public School
Green Field School,1,Green Field School
Greenway Hospital,1,Greenway Hospital
Global Ways School,1,Global Ways School
Guls' Kitchen,1,Guls' Kitchen
Gurgaon,1,Gurgaon
Gurgaon Dreamz Mall,1,Gurgaon Dreamz Mall
Gurgaon Faridabad Highway,1,Gurgaon Faridabad Highway
Gurgaon Gramin Bank,1,Gurgaon Gramin Bank
Gurgaon Old Railway Station,1,Gurgaon Old Railway Station
Gurgaon Toll,1,Gurgaon Toll
Gurjar Samrat Jaipal Khatana Marg,1,Gurjar Samrat Jaipal Khatana Marg
GlobalHealthcare Multispeciality,1,GlobalHealthcare Multispeciality
Genpact Chowk Bus Stop,1,Genpact Chowk Bus Stop
Idea Cosmic Plaza,1,Idea Cosmic Plaza
GD Goenka Public School,1,GD Goenka Public School
Flying Wings Badminton Academy,1,Flying Wings Badminton Academy
Fortis Memorial Research Institute,1,Fortis Memorial Research Institute
Fortis hospital,1,Fortis hospital
Fresco Market,1,Fresco Market
Frescos,1,Frescos
Fun N Food Village,1,Fun N Food Village
GD Goenka,1,GD Goenka
GD Goenka High School,1,GD Goenka High School
GD Goenka School,1,GD Goenka School
Gaytri Public School,1,Gaytri Public School
GD Goenka Signature School,1,GD Goenka Signature School
"GD Goenka University, Gurugram",1,"GD Goenka University, Gurugram"
Galleria 108 Mall,1,Galleria 108 Mall
Galleria Market,1,Galleria Market
Garhi Budhera Road,1,Garhi Budhera Road
Garhi Harsaru Junction,1,Garhi Harsaru Junction
Garhi harsaru railway station Gurgaon,1,Garhi harsaru railway station Gurgaon
Garima Public School,1,Garima Public School
Gurugram City Bus Depot,1,Gurugram City Bus Depot
Gurugram Global Heights School,1,Gurugram Global Heights School
Gurugram Hospital,1,Gurugram Hospital
"IILM University, Gurugram",1,"IILM University, Gurugram"
Huda city center,1,Huda city center
Hyatt Place,1,Hyatt Place
Hyatt Place Gurgaon Udyog Vihar,1,Hyatt Place Gurgaon Udyog Vihar
ICFAI University,1,ICFAI University
ICICI ATM,1,ICICI ATM
IDFC FIRST Bank,1,IDFC FIRST Bank
IG International Airport,1,IG International Airport
IILM School of Management,1,IILM School of Management
IMT Office Sohna,1,IMT Office Sohna
Gurugram Public School,1,Gurugram Public School
IMT Road,1,IMT Road
IMT Sohna,1,IMT Sohna
INOX Cinema,1,INOX Cinema
INXT High Street,1,INXT High Street
ISBM College,1,ISBM College
ISKCON,1,ISKCON
ISKCON Temple,1,ISKCON Temple
Ibis Hotel,1,Ibis Hotel
Huda Park,1,Huda Park
Hotel Golf View Suites,1,Hotel Golf View Suites
Horizon 1 Mall,1,Horizon 1 Mall
Hong Kong Bazaar,1,Hong Kong Bazaar
Gurugram Railway Station,1,Gurugram Railway Station
Gurukul Preschool,1,Gurukul Preschool
Gyaananda School,1,Gyaananda School
Gyan Bharti Public School,1,Gyan Bharti Public School
HP Petrol Pump,1,HP Petrol Pump
HSBC,1,HSBC
HUDA Mini Golf Course,1,HUDA Mini Golf Course
Hamoni Golf Camp,1,Hamoni Golf Camp
Hanuman & Shani Mandir,1,Hanuman & Shani Mandir
Harsaru Village Bus Stop,1,Harsaru Village Bus Stop
Haryana City Gas,1,Haryana City Gas
Hasanpur,1,Hasanpur
Heritage Intl Xperiential School,1,Heritage Intl Xperiential School
Heritage Village Resort & Spa,1,Heritage Village Resort & Spa
Heritage Xperiential Learning School,1,Heritage Xperiential Learning School
"Heritage Xperiential Learning, CRPF Rd",1,"Heritage Xperiential Learning, CRPF Rd"
Hero Honda Chowk,1,Hero Honda Chowk
Kunskapsskolan School,1,Kunskapsskolan School
